title,genre,year,description
The Broken City,Crime,1987,This film follows a detective unraveling the mystery of broken city.
The Last Kingdom,Crime,1976,"Set against the backdrop of last kingdom, this film explores love, loss and redemption."
The Falling Echo,Drama,1971,"Set against the backdrop of falling echo, this film explores love, loss and redemption."
The Final Storm,Thriller,2008,A gripping story about final storm that changes everything for its protagonist.
The Rising Garden,Crime,2011,A darkly comic look at everyday life near rising garden.
The Last Fortress,Adventure,1987,A gripping story about last fortress that changes everything for its protagonist.
The Hidden Echo,Horror,1987,A group of unlikely heroes must confront hidden echo before it is too late.
The Final Mirror,Comedy,1975,A darkly comic look at everyday life near final mirror.
The Broken Legacy,Mystery,1992,"A heartwarming tale about family, hope and broken legacy."
The Silent Fortress,Thriller,1977,A darkly comic look at everyday life near silent fortress.
The Golden Symphony,Animation,2023,"An epic adventure across golden symphony, testing the limits of courage."
The Falling Garden,Crime,1974,A gripping story about falling garden that changes everything for its protagonist.
The Last Horizon,Comedy,2024,This film follows a detective unraveling the mystery of last horizon.
The Broken Voyage,Animation,1999,"An epic adventure across broken voyage, testing the limits of courage."
The Hidden Legacy,Horror,1983,"A heartwarming tale about family, hope and hidden legacy."
The Golden Frontier,Biography,1980,This film follows a detective unraveling the mystery of golden frontier.
The Hidden Fortress,Romance,1987,This film follows a detective unraveling the mystery of hidden fortress.
The Forgotten River,Documentary,2022,A gripping story about forgotten river that changes everything for its protagonist.
The Forgotten Voyage,Animation,1974,This film follows a detective unraveling the mystery of forgotten voyage.
The Falling Mirror,Documentary,2011,A chilling encounter with falling mirror leaves the town forever changed.
The Frozen Fortress,Action,1986,A group of unlikely heroes must confront frozen fortress before it is too late.
The Last Symphony,Thriller,1986,A darkly comic look at everyday life near last symphony.
The Falling Voyage,Horror,1984,A group of unlikely heroes must confront falling voyage before it is too late.
The Shattered Harbor,Comedy,2018,A gripping story about shattered harbor that changes everything for its protagonist.
The Broken Kingdom,Biography,1980,A darkly comic look at everyday life near broken kingdom.
The Quiet Shadow,Romance,1994,A chilling encounter with quiet shadow leaves the town forever changed.
The Shattered Empire,Thriller,1970,"Set against the backdrop of shattered empire, this film explores love, loss and redemption."
The Rising Empire,Fantasy,2011,"An epic adventure across rising empire, testing the limits of courage."
The Broken Horizon,Romance,1980,A chilling encounter with broken horizon leaves the town forever changed.
The Lost Empire,Thriller,2018,A group of unlikely heroes must confront lost empire before it is too late.
The Shattered Journey,Mystery,2010,"A heartwarming tale about family, hope and shattered journey."
The Shattered Frontier,Documentary,1979,"An epic adventure across shattered frontier, testing the limits of courage."
The Hidden Symphony,Fantasy,2003,A gripping story about hidden symphony that changes everything for its protagonist.
The Quiet Mirror,Sci-Fi,1971,"Set against the backdrop of quiet mirror, this film explores love, loss and redemption."
The Burning Horizon,Documentary,1973,This film follows a detective unraveling the mystery of burning horizon.
The Falling Shadow,Comedy,2016,A chilling encounter with falling shadow leaves the town forever changed.
The Distant Kingdom,Biography,2000,A group of unlikely heroes must confront distant kingdom before it is too late.
The Secret Prophecy,Mystery,2008,A darkly comic look at everyday life near secret prophecy.
The Final Symphony,Fantasy,2016,This film follows a detective unraveling the mystery of final symphony.
The Endless Voyage,Biography,2011,"An epic adventure across endless voyage, testing the limits of courage."
The Ancient Prophecy,Sci-Fi,1977,This film follows a detective unraveling the mystery of ancient prophecy.
The Last Shadow,Horror,1971,This film follows a detective unraveling the mystery of last shadow.
The Falling Storm,Drama,1974,A gripping story about falling storm that changes everything for its protagonist.
The Silent Mirror,Comedy,2002,This film follows a detective unraveling the mystery of silent mirror.
The Secret Harbor,Documentary,2004,A group of unlikely heroes must confront secret harbor before it is too late.
The Falling Labyrinth,Sci-Fi,1985,A chilling encounter with falling labyrinth leaves the town forever changed.
The Wild Garden,Comedy,1976,A darkly comic look at everyday life near wild garden.
The Burning Echo,Romance,1999,A gripping story about burning echo that changes everything for its protagonist.
The Broken River,Romance,2016,"An epic adventure across broken river, testing the limits of courage."
The Broken Storm,Documentary,1982,A chilling encounter with broken storm leaves the town forever changed.
The Distant Echo,Action,1987,A chilling encounter with distant echo leaves the town forever changed.
The Ancient Symphony,Comedy,1973,A gripping story about ancient symphony that changes everything for its protagonist.
The Golden Storm,Action,1996,A chilling encounter with golden storm leaves the town forever changed.
The Restless Garden,Mystery,1995,A gripping story about restless garden that changes everything for its protagonist.
The Hidden Voyage,Drama,1994,"A heartwarming tale about family, hope and hidden voyage."
The Ancient Horizon,Romance,2014,A chilling encounter with ancient horizon leaves the town forever changed.
The Distant Garden,Animation,1983,A gripping story about distant garden that changes everything for its protagonist.
The Falling Symphony,Drama,2017,"An epic adventure across falling symphony, testing the limits of courage."
The Silent River,Adventure,2000,A group of unlikely heroes must confront silent river before it is too late.
The Silent Prophecy,Comedy,2024,A group of unlikely heroes must confront silent prophecy before it is too late.
The Frozen Journey,Musical,2006,This film follows a detective unraveling the mystery of frozen journey.
The Falling Frontier,Drama,2009,"Set against the backdrop of falling frontier, this film explores love, loss and redemption."
The Wild Labyrinth,Adventure,2003,"An epic adventure across wild labyrinth, testing the limits of courage."
The Secret Garden,Biography,2015,"An epic adventure across secret garden, testing the limits of courage."
The Last Empire,Romance,1978,"A heartwarming tale about family, hope and last empire."
The Ancient Mirror,Musical,2018,"Set against the backdrop of ancient mirror, this film explores love, loss and redemption."
The Lost Fortress,Adventure,2006,"Set against the backdrop of lost fortress, this film explores love, loss and redemption."
The Final Prophecy,Animation,1978,"An epic adventure across final prophecy, testing the limits of courage."
The Rising Horizon,Adventure,2021,A gripping story about rising horizon that changes everything for its protagonist.
The Secret Journey,Musical,1976,A group of unlikely heroes must confront secret journey before it is too late.
The Secret Horizon,Adventure,1983,"An epic adventure across secret horizon, testing the limits of courage."
The Final Empire,Thriller,2001,"A heartwarming tale about family, hope and final empire."
The Silent Shadow,Biography,1997,"A heartwarming tale about family, hope and silent shadow."
The Silent City,Horror,2019,A group of unlikely heroes must confront silent city before it is too late.
The Secret Signal,Crime,1998,A darkly comic look at everyday life near secret signal.
The Rising City,Comedy,1974,A group of unlikely heroes must confront rising city before it is too late.
The Rising River,Mystery,1993,A group of unlikely heroes must confront rising river before it is too late.
The Wild Kingdom,Drama,1989,"An epic adventure across wild kingdom, testing the limits of courage."
The Silent Legacy,Documentary,2013,This film follows a detective unraveling the mystery of silent legacy.
The Rising Echo,Adventure,2017,A group of unlikely heroes must confront rising echo before it is too late.
The Last Signal,Fantasy,2021,A group of unlikely heroes must confront last signal before it is too late.
The Wild City,Action,2017,"An epic adventure across wild city, testing the limits of courage."
The Wild Storm,Animation,1980,"Set against the backdrop of wild storm, this film explores love, loss and redemption."
The Frozen River,Mystery,2000,This film follows a detective unraveling the mystery of frozen river.
The Final Fortress,Horror,1989,This film follows a detective unraveling the mystery of final fortress.
The Last City,Biography,1982,A darkly comic look at everyday life near last city.
The Forgotten Empire,Mystery,1974,"A heartwarming tale about family, hope and forgotten empire."
The Burning Prophecy,Romance,2013,"An epic adventure across burning prophecy, testing the limits of courage."
The Lost Journey,Musical,1986,A group of unlikely heroes must confront lost journey before it is too late.
The Falling Empire,Drama,1976,A darkly comic look at everyday life near falling empire.
The Burning Mirror,Romance,2008,"Set against the backdrop of burning mirror, this film explores love, loss and redemption."
The Frozen Labyrinth,Documentary,1986,A gripping story about frozen labyrinth that changes everything for its protagonist.
The Shattered Symphony,Biography,2016,This film follows a detective unraveling the mystery of shattered symphony.
The Golden Mirror,Adventure,1990,"Set against the backdrop of golden mirror, this film explores love, loss and redemption."
The Endless Prophecy,Animation,2012,A darkly comic look at everyday life near endless prophecy.
The Endless Symphony,Action,1982,A darkly comic look at everyday life near endless symphony.
The Frozen Signal,Adventure,2006,"A heartwarming tale about family, hope and frozen signal."
The Frozen Symphony,Mystery,1970,"A heartwarming tale about family, hope and frozen symphony."
The Endless Garden,Romance,2020,"An epic adventure across endless garden, testing the limits of courage."
The Ancient Fortress,Sci-Fi,2013,This film follows a detective unraveling the mystery of ancient fortress.
The Hidden Shadow,Animation,2002,"An epic adventure across hidden shadow, testing the limits of courage."
The Endless Storm,Fantasy,1982,A group of unlikely heroes must confront endless storm before it is too late.
The Lost River,Documentary,2000,"Set against the backdrop of lost river, this film explores love, loss and redemption."
The Ancient Echo,Musical,2010,This film follows a detective unraveling the mystery of ancient echo.
The Frozen Harbor,Romance,1985,A group of unlikely heroes must confront frozen harbor before it is too late.
The Hidden Prophecy,Sci-Fi,1973,This film follows a detective unraveling the mystery of hidden prophecy.
The Broken Fortress,Action,2021,A chilling encounter with broken fortress leaves the town forever changed.
The Ancient Frontier,Mystery,2016,A darkly comic look at everyday life near ancient frontier.
The Rising Fortress,Musical,1980,A chilling encounter with rising fortress leaves the town forever changed.
The Ancient Empire,Fantasy,1985,"A heartwarming tale about family, hope and ancient empire."
The Ancient Shadow,Crime,1988,This film follows a detective unraveling the mystery of ancient shadow.
The Secret Mirror,Horror,2004,"Set against the backdrop of secret mirror, this film explores love, loss and redemption."
The Last Voyage,Crime,1979,This film follows a detective unraveling the mystery of last voyage.
The Golden Echo,Romance,1991,A chilling encounter with golden echo leaves the town forever changed.
The Wild River,Documentary,2023,A darkly comic look at everyday life near wild river.
The Lost Labyrinth,Romance,2000,A gripping story about lost labyrinth that changes everything for its protagonist.
The Frozen Echo,Thriller,2017,This film follows a detective unraveling the mystery of frozen echo.
The Restless Storm,Animation,1997,A chilling encounter with restless storm leaves the town forever changed.
The Lost Voyage,Horror,2012,A darkly comic look at everyday life near lost voyage.
The Distant Frontier,Thriller,1971,A darkly comic look at everyday life near distant frontier.
